{
  "timestamp": "20251218_213328",
  "model": "mistral-small-latest",
  "num_questions": 22,
  "overall_scores": {
    "faithfulness": 0.8781698564593302,
    "context_precision": 0.3424242423980555,
    "context_recall": 0.34545454545454546,
    "answer_correctness": 0.4776559781803436
  },
  "category_breakdown": {
    "('faithfulness', 'mean')": {
      "Excel": 0.775,
      "Mixte": 0.974,
      "Reddit": 0.967,
      "piège": 0.938
    },
    "('context_precision', 'mean')": {
      "Excel": 0.1,
      "Mixte": 0.612,
      "Reddit": 0.556,
      "piège": 0.375
    },
    "('context_recall', 'mean')": {
      "Excel": 0.1,
      "Mixte": 0.483,
      "Reddit": 0.611,
      "piège": 0.5
    },
    "('answer_correctness', 'mean')": {
      "Excel": 0.343,
      "Mixte": 0.581,
      "Reddit": 0.578,
      "piège": 0.696
    }
  },
  "avg_duration_sec": 3.9374008720571343,
  "total_eval_duration_sec": 86.62837314605713
}